(index)
comune
provincia
motivo
0	'Abetone Cutigliano'	'Pistoia'	'Non trovato / provincia mismatch'
1	'Alluvioni Piovera'	'Alessandria'	'Non trovato / provincia mismatch'
2	'Alpago'	'Belluno'	'Non trovato / provincia mismatch'
3	'Alta Val Tidone'	'Piacenza'	'Non trovato / provincia mismatch'
4	'Alta Valle Intelvi'	'Como'	'Non trovato / provincia mismatch'
5	'Altavalle'	'Trento'	'Non trovato / provincia mismatch'
6	'Alto Reno Terme'	'Bologna'	'Non trovato / provincia mismatch'
7	'Alto Sermenza'	'Vercelli'	'Non trovato / provincia mismatch'
8	'Altopiano della Vigolana'	'Trento'	'Non trovato / provincia mismatch'
9	'Amblar-Don'	'Trento'	'Non trovato / provincia mismatch'
10	'Appiano sulla strada del vino'	'Bolzano/Bozen'	'Non trovato / provincia mismatch'
11	"Aquila d'Arroscia"	'Imperia'	'Non trovato / provincia mismatch'
12	'Baia e Latina'	'Caserta'	'Non trovato / provincia mismatch'
13	'Bannio Anzino'	'Verbano-Cusio-Ossola'	'Non trovato / provincia mismatch'
14	'Barbarano Mossano'	'Vicenza'	'Non trovato / provincia mismatch'
15	'Barberino Tavarnelle'	'Firenze'	'Non trovato / provincia mismatch'
16	'Bellino'	'Cuneo'	'Non trovato / provincia mismatch'
17	'Borgio Verezzi'	'Savona'	'Non trovato / provincia mismatch'
18	'Borgo Chiese'	'Trento'	'Non trovato / provincia mismatch'
19	"Borgo d'Anaunia"	'Trento'	'Non trovato / provincia mismatch'
20	'Borgo Lares'	'Trento'	'Non trovato / provincia mismatch'
21	'Borgo Mantovano'	'Mantova'	'Non trovato / provincia mismatch'
22	'Borgo Valbelluna'	'Belluno'	'Non trovato / provincia mismatch'
23	'Borgo Veneto'	'Padova'	'Non trovato / provincia mismatch'
24	'Borgo Virgilio'	'Mantova'	'Non trovato / provincia mismatch'
25	'Borgocarbonara'	'Mantova'	'Non trovato / provincia mismatch'
26	'Borgomezzavalle'	'Verbano-Cusio-Ossola'	'Non trovato / provincia mismatch'
27	'Brenzone sul Garda'	'Verona'	'Non trovato / provincia mismatch'
28	'Brignano-Frascata'	'Alessandria'	'Non trovato / provincia mismatch'
29	'Cadrezzate con Osmate'	'Varese'	'Non trovato / provincia mismatch'
30	'Calatafimi-Segesta'	'Trapani'	'Non trovato / provincia mismatch'
31	'Campiglione Fenile'	'Torino'	'Non trovato / provincia mismatch'
32	'Campolongo Tapogliano'	'Udine'	'Non trovato / provincia mismatch'
33	'Capaccio Paestum'	'Salerno'	'Non trovato / provincia mismatch'
34	'Capiago Intimiano'	'Como'	'Non trovato / provincia mismatch'
35	'Capizzone'	'Bergamo'	'Non trovato / provincia mismatch'
36	'Casale Cremasco-Vidolasco'	'Cremona'	'Non trovato / provincia mismatch'
37	'Casali del Manco'	'Cosenza'	'Non trovato / provincia mismatch'
38	'Casciana Terme Lari'	'Pisa'	'Non trovato / provincia mismatch'
39	"Cassano all'Ionio"	'Cosenza'	'Non trovato / provincia mismatch'
40	"Castel d'Azzano"	'Verona'	'Non trovato / provincia mismatch'
41	'Castel di Iudica'	'Catania'	'Non trovato / provincia mismatch'
42	'Castel Ivano'	'Trento'	'Non trovato / provincia mismatch'
43	'Castelfranco Piandiscò'	'Arezzo'	'Non trovato / provincia mismatch'
44	'Castelgerundo'	'Lodi'	'Non trovato / provincia mismatch'
45	'Castellania Coppi'	'Alessandria'	'Non trovato / provincia mismatch'
46	"Castellinaldo d'Alba"	'Cuneo'	'Non trovato / provincia mismatch'
47	'Castello-Molina di Fiemme'	'Trento'	'Non trovato / provincia mismatch'
48	'Castelnovo del Friuli'	'Pordenone'	'Non trovato / provincia mismatch'
49	'Celle di Macra'	'Cuneo'	'Non trovato / provincia mismatch'
50	'Cellio con Breia'	'Vercelli'	'Non trovato / provincia mismatch'
51	'Cembra Lisignago'	'Trento'	'Non trovato / provincia mismatch'
52	'Cenate Sotto'	'Bergamo'	'Non trovato / provincia mismatch'
53	'Centro Valle Intelvi'	'Como'	'Non trovato / provincia mismatch'
54	'Cerrina Monferrato'	'Alessandria'	'Non trovato / provincia mismatch'
55	'Chiopris-Viscone'	'Udine'	'Non trovato / provincia mismatch'
56	'Civitella Paganico'	'Grosseto'	'Non trovato / provincia mismatch'
57	'Claino con Osteno'	'Como'	'Non trovato / provincia mismatch'
58	'Clivio'	'Varese'	'Non trovato / provincia mismatch'
59	'Colceresa'	'Vicenza'	'Non trovato / provincia mismatch'
60	'Colfelice'	'Frosinone'	'Non trovato / provincia mismatch'
61	'Colli al Metauro'	'Pesaro e Urbino'	'Non trovato / provincia mismatch'
62	'Colli Verdi'	'Pavia'	'Non trovato / provincia mismatch'
63	'Colverde'	'Como'	'Non trovato / provincia mismatch'
64	'Comano Terme'	'Trento'	'Non trovato / provincia mismatch'
65	'Comezzano-Cizzago'	'Brescia'	'Non trovato / provincia mismatch'
66	'Concamarise'	'Verona'	'Non trovato / provincia mismatch'
67	'Corigliano-Rossano'	'Cosenza'	'Non trovato / provincia mismatch'
68	'Cornale e Bastida'	'Pavia'	'Non trovato / provincia mismatch'
69	'Corte Brugnatella'	'Piacenza'	'Non trovato / provincia mismatch'
70	'Corteolona e Genzone'	'Pavia'	'Non trovato / provincia mismatch'
71	"Cosio d'Arroscia"	'Imperia'	'Non trovato / provincia mismatch'
72	'Costermano sul Garda'	'Verona'	'Non trovato / provincia mismatch'
73	'Credera Rubbiano'	'Cremona'	'Non trovato / provincia mismatch'
74	'Crespina Lorenzana'	'Pisa'	'Non trovato / provincia mismatch'
75	'Curiglia con Monteviasco'	'Varese'	'Non trovato / provincia mismatch'
76	'Danta di Cadore'	'Belluno'	'Non trovato / provincia mismatch'
77	'Dimaro Folgarida'	'Trento'	'Non trovato / provincia mismatch'
78	'Duino Aurisina'	'Trieste'	'Non trovato / provincia mismatch'
79	'Dusino San Michele'	'Asti'	'Non trovato / provincia mismatch'
80	'Erto e Casso'	'Pordenone'	'Non trovato / provincia mismatch'
81	'Fabbriche di Vergemoli'	'Lucca'	'Non trovato / provincia mismatch'
82	'Fagnano Alto'	"L'Aquila"	'Non trovato / provincia mismatch'
83	'Fara Olivana con Sola'	'Bergamo'	'Non trovato / provincia mismatch'
84	'Figline e Incisa Valdarno'	'Firenze'	'Non trovato / provincia mismatch'
85	'Fiscaglia'	'Ferrara'	'Non trovato / provincia mismatch'
86	'Fiumicello Villa Vicentina'	'Udine'	'Non trovato / provincia mismatch'
87	'Fiuminata'	'Macerata'	'Non trovato / provincia mismatch'
88	'Fubine Monferrato'	'Alessandria'	'Non trovato / provincia mismatch'
89	'Gabbioneta-Binanuova'	'Cremona'	'Non trovato / provincia mismatch'
90	'Galzignano Terme'	'Padova'	'Non trovato / provincia mismatch'
91	'Garniga Terme'	'Trento'	'Non trovato / provincia mismatch'
92	'Gattico-Veruno'	'Novara'	'Non trovato / provincia mismatch'
93	'Giffoni Sei Casali'	'Salerno'	'Non trovato / provincia mismatch'
94	'Godiasco Salice Terme'	'Pavia'	'Non trovato / provincia mismatch'
95	'Gravedona ed Uniti'	'Como'	'Non trovato / provincia mismatch'
96	'Gravellona Lomellina'	'Pavia'	'Non trovato / provincia mismatch'
97	'Grumello Cremonese ed Uniti'	'Cremona'	'Non trovato / provincia mismatch'
98	'La Valletta Brianza'	'Lecco'	'Non trovato / provincia mismatch'
99	'Lampedusa e Linosa'	'Agrigento'	'Non trovato / provincia mismatch'
100	'Laterina Pergine Valdarno'	'Arezzo'	'Non trovato / provincia mismatch'
101	'Lavarone'	'Trento'	'Non trovato / provincia mismatch'
102	'Ledro'	'Trento'	'Non trovato / provincia mismatch'
103	'Lu e Cuccaro Monferrato'	'Alessandria'	'Non trovato / provincia mismatch'
104	'Lusiana Conco'	'Vicenza'	'Non trovato / provincia mismatch'
105	'Maccagno con Pino e Veddasca'	'Varese'	'Non trovato / provincia mismatch'
106	'Madruzzo'	'Trento'	'Non trovato / provincia mismatch'
107	'Moncenisio'	'Torino'	'Non trovato / provincia mismatch'
108	'Monguzzo'	'Como'	'Non trovato / provincia mismatch'
109	'Montalto Carpasio'	'Imperia'	'Non trovato / provincia mismatch'
110	'Montecopiolo'	'Pesaro e Urbino'	'Non trovato / provincia mismatch'
111	'Montescudo-Monte Colombo'	'Rimini'	'Non trovato / provincia mismatch'
112	'Montiglio Monferrato'	'Asti'	'Non trovato / provincia mismatch'
113	'Montopoli di Sabina'	'Rieti'	'Non trovato / provincia mismatch'
114	"Motta de' Conti"	'Vercelli'	'Non trovato / provincia mismatch'
115	'Negrar di Valpolicella'	'Verona'	'Non trovato / provincia mismatch'
116	'Noventa Padovana'	'Padova'	'Non trovato / provincia mismatch'
117	'Oggiona con Santo Stefano'	'Varese'	'Non trovato / provincia mismatch'
118	'Pasiano di Pordenone'	'Pordenone'	'Non trovato / provincia mismatch'
119	'Pecetto Torinese'	'Torino'	'Non trovato / provincia mismatch'
120	'Piadena Drizzona'	'Cremona'	'Non trovato / provincia mismatch'
121	'Pietrarubbia'	'Pesaro e Urbino'	'Non trovato / provincia mismatch'
122	'Pieve del Grappa'	'Treviso'	'Non trovato / provincia mismatch'
123	'Pieve di Bono-Prezzo'	'Trento'	'Non trovato / provincia mismatch'
124	'Poggio Torriana'	'Rimini'	'Non trovato / provincia mismatch'
125	'Pojana Maggiore'	'Vicenza'	'Non trovato / provincia mismatch'
126	'Polesine Zibello'	'Parma'	'Non trovato / provincia mismatch'
127	'Pontboset'	"Valle d'Aosta/Vallée d'Aoste"	'Non trovato / provincia mismatch'
128	'Pontecagnano Faiano'	'Salerno'	'Non trovato / provincia mismatch'
129	'Porte di Rendena'	'Trento'	'Non trovato / provincia mismatch'
130	'Pratovecchio Stia'	'Arezzo'	'Non trovato / provincia mismatch'
131	'Presicce-Acquarica'	'Lecce'	'Non trovato / provincia mismatch'
132	'Primiero San Martino di Castrozza'	'Trento'	'Non trovato / provincia mismatch'
133	'Puegnago del Garda'	'Brescia'	'Non trovato / provincia mismatch'
134	'Quaregna Cerreto'	'Biella'	'Non trovato / provincia mismatch'
135	'Quero Vas'	'Belluno'	'Non trovato / provincia mismatch'
136	'Ragogna'	'Udine'	'Non trovato / provincia mismatch'
137	'Rasun-Anterselva'	'Bolzano/Bozen'	'Non trovato / provincia mismatch'
138	'Riva del Po'	'Ferrara'	'Non trovato / provincia mismatch'
139	'Rivignano Teor'	'Udine'	'Non trovato / provincia mismatch'
140	'Roccafluvione'	'Ascoli Piceno'	'Non trovato / provincia mismatch'
141	'Rocchetta e Croce'	'Caserta'	'Non trovato / provincia mismatch'
142	'Rodengo Saiano'	'Brescia'	'Non trovato / provincia mismatch'
143	'Rodì Milici'	'Messina'	'Non trovato / provincia mismatch'
144	'Roncegno Terme'	'Trento'	'Non trovato / provincia mismatch'
145	'Ruffrè-Mendola'	'Trento'	'Non trovato / provincia mismatch'
146	'Saint-Rhémy-en-Bosses'	"Valle d'Aosta/Vallée d'Aoste"	'Non trovato / provincia mismatch'
147	'San Giorgio Bigarello'	'Mantova'	'Non trovato / provincia mismatch'
148	'San Giorio di Susa'	'Torino'	'Non trovato / provincia mismatch'
149	'San Giovanni di Fassa'	'Trento'	'Non trovato / provincia mismatch'
150	'San Lorenzo Dorsino'	'Trento'	'Non trovato / provincia mismatch'
151	'San Marcello Piteglio'	'Pistoia'	'Non trovato / provincia mismatch'
152	'San Nicandro Garganico'	'Foggia'	'Non trovato / provincia mismatch'
153	'San Nicolò di Comelico'	'Belluno'	'Non trovato / provincia mismatch'
154	'San Tomaso Agordino'	'Belluno'	'Non trovato / provincia mismatch'
155	'Santa Cristina e Bissone'	'Pavia'	'Non trovato / provincia mismatch'
156	'Sassocorvaro Auditore'	'Pesaro e Urbino'	'Non trovato / provincia mismatch'
157	'Scanzorosciate'	'Bergamo'	'Non trovato / provincia mismatch'
158	'Scigliano'	'Cosenza'	'Non trovato / provincia mismatch'
159	'Sella Giudicarie'	'Trento'	'Non trovato / provincia mismatch'
160	'Senale-San Felice'	'Bolzano/Bozen'	'Non trovato / provincia mismatch'
161	'Sermide e Felonica'	'Mantova'	'Non trovato / provincia mismatch'
162	'Sillano Giuncugnano'	'Lucca'	'Non trovato / provincia mismatch'
163	'Simeri Crichi'	'Catanzaro'	'Non trovato / provincia mismatch'
164	'Sissa Trecasali'	'Parma'	'Non trovato / provincia mismatch'
165	'Soiano del Lago'	'Brescia'	'Non trovato / provincia mismatch'
166	'Solbiate con Cagno'	'Como'	'Non trovato / provincia mismatch'
167	'Sorbolo Mezzani'	'Parma'	'Non trovato / provincia mismatch'
168	'Tavazzano con Villavesco'	'Lodi'	'Non trovato / provincia mismatch'
169	'Terme Vigliatore'	'Messina'	'Non trovato / provincia mismatch'
170	'Termeno sulla strada del vino'	'Bolzano/Bozen'	'Non trovato / provincia mismatch'
171	"Terre d'Adige"	'Trento'	'Non trovato / provincia mismatch'
172	'Terre del Reno'	'Ferrara'	'Non trovato / provincia mismatch'
173	'Terre Roveresche'	'Pesaro e Urbino'	'Non trovato / provincia mismatch'
174	'Tora e Piccilli'	'Caserta'	'Non trovato / provincia mismatch'
175	'Torre Beretti e Castellaro'	'Pavia'	'Non trovato / provincia mismatch'
176	'Trarego Viggiona'	'Verbano-Cusio-Ossola'	'Non trovato / provincia mismatch'
177	'Travedona-Monate'	'Varese'	'Non trovato / provincia mismatch'
178	'Trecastelli'	'Ancona'	'Non trovato / provincia mismatch'
179	'Tremezzina'	'Como'	'Non trovato / provincia mismatch'
180	'Tremosine sul Garda'	'Brescia'	'Non trovato / provincia mismatch'
181	'Trentola Ducenta'	'Caserta'	'Non trovato / provincia mismatch'
182	'Treppo Ligosullo'	'Udine'	'Non trovato / provincia mismatch'
183	'Tresignana'	'Ferrara'	'Non trovato / provincia mismatch'
184	'Treviso Bresciano'	'Brescia'	'Non trovato / provincia mismatch'
185	'Uggiate-Trevano'	'Como'	'Non trovato / provincia mismatch'
186	'Ussita'	'Macerata'	'Non trovato / provincia mismatch'
187	'Val Brembilla'	'Bergamo'	'Non trovato / provincia mismatch'
188	'Val di Chy'	'Torino'	'Non trovato / provincia mismatch'
189	'Val di Nizza'	'Pavia'	'Non trovato / provincia mismatch'
190	'Val di Vizze'	'Bolzano/Bozen'	'Non trovato / provincia mismatch'
191	'Val di Zoldo'	'Belluno'	'Non trovato / provincia mismatch'
192	'Val Liona'	'Vicenza'	'Non trovato / provincia mismatch'
193	'Valbondione'	'Bergamo'	'Non trovato / provincia mismatch'
194	'Valbrembo'	'Bergamo'	'Non trovato / provincia mismatch'
195	'Valbrenta'	'Vicenza'	'Non trovato / provincia mismatch'
196	'Valbrevenna'	'Genova'	'Non trovato / provincia mismatch'
197	'Valchiusa'	'Torino'	'Non trovato / provincia mismatch'
198	'Valdaone'	'Trento'	'Non trovato / provincia mismatch'
199	'Valdidentro'	'Sondrio'	'Non trovato / provincia mismatch'
200	'Valdilana'	'Biella'	'Non trovato / provincia mismatch'
201	'Valfornace'	'Macerata'	'Non trovato / provincia mismatch'
202	'Valfurva'	'Sondrio'	'Non trovato / provincia mismatch'
203	'Valle Cannobina'	'Verbano-Cusio-Ossola'	'Non trovato / provincia mismatch'
204	'Vallefoglia'	'Pesaro e Urbino'	'Non trovato / provincia mismatch'
205	'Vallelaghi'	'Trento'	'Non trovato / provincia mismatch'
206	'Valmozzola'	'Parma'	'Non trovato / provincia mismatch'
207	'Valsamoggia'	'Bologna'	'Non trovato / provincia mismatch'
208	'Valsolda'	'Como'	'Non trovato / provincia mismatch'
209	'Valvarrone'	'Lecco'	'Non trovato / provincia mismatch'
210	'Valvasone Arzene'	'Pordenone'	'Non trovato / provincia mismatch'
211	'Vanzone con San Carlo'	'Verbano-Cusio-Ossola'	'Non trovato / provincia mismatch'
212	'Vermezzo con Zelo'	'Milano'	'Non trovato / provincia mismatch'
213	'Verzegnis'	'Udine'	'Non trovato / provincia mismatch'
214	'Vignola-Falesina'	'Trento'	'Non trovato / provincia mismatch'
215	'Villanova di Camposampiero'	'Padova'	'Non trovato / provincia mismatch'
216	"Villanova sull'Arda"	'Piacenza'	'Non trovato / provincia mismatch'
217	"Ville d'Anaunia"	'Trento'	'Non trovato / provincia mismatch'
218	'Ville di Fiemme'	'Trento'	'Non trovato / provi
